﻿<?xml version="1.0" encoding="utf-8"?>
<XTextDocument xmlns:xsi="http://www.w3.org/2001/XMLSchema-instance" xmlns:xsd="http://www.w3.org/2001/XMLSchema" EditorVersionString="1.2015.6.26">
   <Attributes />
   <XElements>
      <Element xsi:type="XTextBody">
         <Attributes />
         <Expressions />
         <ScriptItems />
         <XElements>
            <Element xsi:type="XString" StyleIndex="4">
               <Text>龙岩</Text>
            </Element>
            <Element xsi:type="XString" StyleIndex="5">
               <Text>市第二医院核医学科</Text>
            </Element>
            <Element xsi:type="XParagraphFlag" StyleIndex="5" />
            <Element xsi:type="XInputField" StyleIndex="8">
               <Attributes />
               <ID>ReportType</ID>
               <EnableValueValidate>true</EnableValueValidate>
               <ValueBinding>
                  <DataSource>ReportType</DataSource>
               </ValueBinding>
               <VisibleExpression />
               <ValueExpression />
               <Expressions />
               <ScriptItems />
               <XElements />
               <Deleteable>false</Deleteable>
               <BorderElementColor />
               <RuntimeBackgroundTextColor />
               <EventExpressions />
               <Name>ReportType</Name>
               <InnerValue />
               <ToolTip>报告类型</ToolTip>
               <BackgroundText>ReportType</BackgroundText>
               <EnableHighlight>Disabled</EnableHighlight>
               <EnableFieldTextColor>false</EnableFieldTextColor>
               <FieldSettings>
                  <EditStyle>DropdownList</EditStyle>
                  <ListSource>
                     <SourceName>ReportTypeList</SourceName>
                     <DisplayPath />
                     <ValuePath />
                     <Items />
                  </ListSource>
                  <ListValueFormatString />
               </FieldSettings>
            </Element>
            <Element xsi:type="XParagraphFlag" StyleIndex="0" />
            <Element xsi:type="XParagraphFlag" StyleIndex="0" />
            <Element xsi:type="XString">
               <Text>病人ID号：</Text>
            </Element>
            <Element xsi:type="XInputField">
               <Attributes />
               <ID>Patient_ID</ID>
               <EnableValueValidate>true</EnableValueValidate>
               <ValueBinding>
                  <DataSource>patexam</DataSource>
                  <BindingPath>Patient_ID</BindingPath>
               </ValueBinding>
               <VisibleExpression />
               <ValueExpression />
               <Expressions />
               <ScriptItems />
               <XElements />
               <Deleteable>false</Deleteable>
               <BorderElementColor />
               <RuntimeBackgroundTextColor />
               <SpecifyWidth>590.5512</SpecifyWidth>
               <EventExpressions />
               <UserEditable>false</UserEditable>
               <Name>Patient_ID</Name>
               <InnerValue />
               <ToolTip>Patient_ID</ToolTip>
               <EnableHighlight>Disabled</EnableHighlight>
               <EnableFieldTextColor>false</EnableFieldTextColor>
            </Element>
            <Element xsi:type="XString">
               <Text>               病案号：</Text>
            </Element>
            <Element xsi:type="XInputField">
               <Attributes />
               <ID>xno</ID>
               <EnableValueValidate>true</EnableValueValidate>
               <ValueBinding>
                  <DataSource>patexam</DataSource>
                  <BindingPath>xno</BindingPath>
               </ValueBinding>
               <VisibleExpression />
               <ValueExpression />
               <Expressions />
               <ScriptItems />
               <XElements />
               <Deleteable>false</Deleteable>
               <BorderElementColor />
               <RuntimeBackgroundTextColor />
               <SpecifyWidth>590.5512</SpecifyWidth>
               <EventExpressions />
               <UserEditable>false</UserEditable>
               <Name>xno</Name>
               <InnerValue />
               <ToolTip>xno</ToolTip>
               <EnableHighlight>Disabled</EnableHighlight>
               <EnableFieldTextColor>false</EnableFieldTextColor>
            </Element>
            <Element xsi:type="XParagraphFlag" StyleIndex="1" />
            <Element xsi:type="HorizontalLine" StyleIndex="2">
               <Attributes />
               <ID>hl1</ID>
               <ScriptItems />
               <LineSize>6</LineSize>
            </Element>
            <Element xsi:type="XString">
               <Text>姓  名：</Text>
            </Element>
            <Element xsi:type="XInputField">
               <Attributes />
               <ID>name</ID>
               <EnableValueValidate>true</EnableValueValidate>
               <ValueBinding>
                  <DataSource>patregister</DataSource>
                  <BindingPath>name</BindingPath>
               </ValueBinding>
               <VisibleExpression />
               <ValueExpression />
               <Expressions />
               <ScriptItems />
               <XElements />
               <Deleteable>false</Deleteable>
               <BorderElementColor />
               <RuntimeBackgroundTextColor />
               <SpecifyWidth>230.314957</SpecifyWidth>
               <EventExpressions />
               <Name>name</Name>
               <InnerValue />
               <ToolTip>name</ToolTip>
               <EnableHighlight>Disabled</EnableHighlight>
               <EnableFieldTextColor>false</EnableFieldTextColor>
            </Element>
            <Element xsi:type="XString">
               <Text>   性别：</Text>
            </Element>
            <Element xsi:type="XInputField">
               <Attributes />
               <ID>patientsex</ID>
               <EnableValueValidate>true</EnableValueValidate>
               <ValueBinding>
                  <DataSource>patregister</DataSource>
                  <BindingPath>Sex</BindingPath>
               </ValueBinding>
               <VisibleExpression />
               <ValueExpression />
               <Expressions />
               <ScriptItems />
               <XElements />
               <Deleteable>false</Deleteable>
               <BorderElementColor />
               <RuntimeBackgroundTextColor />
               <SpecifyWidth>118.110237</SpecifyWidth>
               <EventExpressions />
               <Name>patientsex</Name>
               <InnerValue />
               <ToolTip>性别</ToolTip>
               <EnableHighlight>Disabled</EnableHighlight>
               <EnableFieldTextColor>false</EnableFieldTextColor>
               <EditorActiveMode>Program F2 MouseDblClick MouseClick</EditorActiveMode>
               <SelectedIndex>0</SelectedIndex>
               <FieldSettings>
                  <EditStyle>DropdownList</EditStyle>
                  <ListSource>
                     <SourceName>sexlist</SourceName>
                     <DisplayPath />
                     <ValuePath />
                     <Items />
                  </ListSource>
                  <ListValueFormatString />
               </FieldSettings>
            </Element>
            <Element xsi:type="XString">
               <Text>        年龄：</Text>
            </Element>
            <Element xsi:type="XInputField">
               <Attributes />
               <ID>age</ID>
               <EnableValueValidate>true</EnableValueValidate>
               <ValueBinding>
                  <DataSource>patregister</DataSource>
                  <BindingPath>age</BindingPath>
               </ValueBinding>
               <VisibleExpression />
               <ValueExpression />
               <Expressions />
               <ScriptItems />
               <XElements />
               <Deleteable>false</Deleteable>
               <BorderElementColor />
               <RuntimeBackgroundTextColor />
               <SpecifyWidth>141.732285</SpecifyWidth>
               <EventExpressions />
               <Name>age</Name>
               <InnerValue />
               <ToolTip>年龄</ToolTip>
               <EnableHighlight>Disabled</EnableHighlight>
               <EnableFieldTextColor>false</EnableFieldTextColor>
            </Element>
            <Element xsi:type="XString">
               <Text>      门诊住院号：</Text>
            </Element>
            <Element xsi:type="XInputField">
               <Attributes />
               <ID>field12</ID>
               <EnableValueValidate>true</EnableValueValidate>
               <ValueBinding>
                  <DataSource>patregister</DataSource>
                  <BindingPath>inpatient_id</BindingPath>
               </ValueBinding>
               <VisibleExpression />
               <ValueExpression />
               <Expressions />
               <ScriptItems />
               <XElements />
               <AcceptChildElementTypes2>Text</AcceptChildElementTypes2>
               <Deleteable>false</Deleteable>
               <BorderElementColor />
               <RuntimeBackgroundTextColor />
               <SpecifyWidth>236.220474</SpecifyWidth>
               <EventExpressions />
               <Name>inpatient_id</Name>
               <InnerValue />
               <ToolTip>门诊住院号</ToolTip>
               <EnableHighlight>Disabled</EnableHighlight>
               <EnableFieldTextColor>false</EnableFieldTextColor>
               <FieldSettings />
            </Element>
            <Element xsi:type="XParagraphFlag" />
            <Element xsi:type="XString">
               <Text>科  室：</Text>
            </Element>
            <Element xsi:type="XInputField" StyleIndex="6">
               <Attributes />
               <ID>field10</ID>
               <EnableValueValidate>true</EnableValueValidate>
               <ValueBinding>
                  <DataSource>patexam</DataSource>
                  <BindingPath>sqdep</BindingPath>
               </ValueBinding>
               <VisibleExpression />
               <ValueExpression />
               <Expressions />
               <ScriptItems />
               <XElements />
               <AcceptChildElementTypes2>Text</AcceptChildElementTypes2>
               <Deleteable>false</Deleteable>
               <BorderElementColor />
               <RuntimeBackgroundTextColor />
               <SpecifyWidth>259.842529</SpecifyWidth>
               <EventExpressions />
               <Name>sqdep</Name>
               <InnerValue />
               <ToolTip>申请科室</ToolTip>
               <EnableHighlight>Disabled</EnableHighlight>
               <EnableFieldTextColor>false</EnableFieldTextColor>
               <EditorActiveMode>Program F2 MouseDblClick MouseClick</EditorActiveMode>
               <FieldSettings>
                  <EditStyle>DropdownList</EditStyle>
                  <ListSource>
                     <SourceName>sqdeplist</SourceName>
                     <DisplayPath>listname</DisplayPath>
                     <ValuePath>listcode</ValuePath>
                     <Items />
                  </ListSource>
               </FieldSettings>
            </Element>
            <Element xsi:type="XString">
               <Text>  床号：</Text>
            </Element>
            <Element xsi:type="XInputField">
               <Attributes />
               <ID>bedno</ID>
               <EnableValueValidate>true</EnableValueValidate>
               <ValueBinding>
                  <DataSource>patexam</DataSource>
                  <BindingPath>bedno</BindingPath>
               </ValueBinding>
               <VisibleExpression />
               <ValueExpression />
               <Expressions />
               <ScriptItems />
               <XElements />
               <Deleteable>false</Deleteable>
               <BorderElementColor />
               <RuntimeBackgroundTextColor />
               <SpecifyWidth>212.598419</SpecifyWidth>
               <EventExpressions />
               <Name>bedno</Name>
               <InnerValue />
               <ToolTip>bedno</ToolTip>
               <EnableHighlight>Disabled</EnableHighlight>
               <SelectedIndex>5</SelectedIndex>
               <FieldSettings>
                  <ListSource>
                     <SourceName>machinetypelist</SourceName>
                     <DisplayPath />
                     <ValuePath />
                     <Items />
                  </ListSource>
                  <ListValueFormatString />
               </FieldSettings>
            </Element>
            <Element xsi:type="XString">
               <Text>    检查日期：</Text>
            </Element>
            <Element xsi:type="XInputField" StyleIndex="6">
               <Attributes />
               <ID>field13</ID>
               <EnableValueValidate>true</EnableValueValidate>
               <ValueBinding>
                  <DataSource>patexam</DataSource>
                  <BindingPath>modcheckdate</BindingPath>
               </ValueBinding>
               <VisibleExpression />
               <ValueExpression />
               <Expressions />
               <ScriptItems />
               <XElements />
               <AcceptChildElementTypes2>Text</AcceptChildElementTypes2>
               <Deleteable>false</Deleteable>
               <BorderElementColor />
               <RuntimeBackgroundTextColor />
               <SpecifyWidth>236.220474</SpecifyWidth>
               <EventExpressions />
               <Name>modcheckdate</Name>
               <DisplayFormat>
                  <Style>DateTime</Style>
                  <Format>yyyy-MM-dd</Format>
               </DisplayFormat>
               <InnerValue />
               <ToolTip>检查时间</ToolTip>
               <EnableHighlight>Disabled</EnableHighlight>
               <EnableFieldTextColor>false</EnableFieldTextColor>
               <FieldSettings />
            </Element>
            <Element xsi:type="XParagraphFlag" />
            <Element xsi:type="XString">
               <Text>显示剂：</Text>
            </Element>
            <Element xsi:type="XInputField" StyleIndex="6">
               <Attributes />
               <ID>field15</ID>
               <EnableValueValidate>true</EnableValueValidate>
               <ValueBinding />
               <VisibleExpression />
               <ValueExpression />
               <Expressions />
               <ScriptItems />
               <XElements />
               <AcceptChildElementTypes2>Text</AcceptChildElementTypes2>
               <Deleteable>false</Deleteable>
               <BorderElementColor />
               <RuntimeBackgroundTextColor />
               <SpecifyWidth>259.842529</SpecifyWidth>
               <EventExpressions />
               <Name>显示剂</Name>
               <InnerValue />
               <ToolTip>显示剂</ToolTip>
               <EnableHighlight>Disabled</EnableHighlight>
               <EnableFieldTextColor>false</EnableFieldTextColor>
               <SelectedIndex>0</SelectedIndex>
               <FieldSettings>
                  <EditStyle>DropdownList</EditStyle>
                  <ListSource>
                     <SourceName />
                     <Items>
                        <Item>
                           <TextInList />
                           <Text>99mTc DTPA</Text>
                           <Value />
                           <Group>显示剂</Group>
                        </Item>
                     </Items>
                  </ListSource>
                  <ListValueFormatString />
               </FieldSettings>
            </Element>
            <Element xsi:type="XString">
               <Text>  剂量：</Text>
            </Element>
            <Element xsi:type="XInputField" StyleIndex="6">
               <Attributes />
               <ID>field16</ID>
               <EnableValueValidate>true</EnableValueValidate>
               <ValueBinding>
                  <Enabled>false</Enabled>
               </ValueBinding>
               <VisibleExpression />
               <ValueExpression />
               <Expressions />
               <ScriptItems />
               <XElements />
               <AcceptChildElementTypes2>Text</AcceptChildElementTypes2>
               <Deleteable>false</Deleteable>
               <BorderElementColor />
               <RuntimeBackgroundTextColor />
               <SpecifyWidth>236.220474</SpecifyWidth>
               <EventExpressions />
               <InnerValue />
               <ToolTip>剂量</ToolTip>
               <EnableHighlight>Disabled</EnableHighlight>
               <EnableFieldTextColor>false</EnableFieldTextColor>
               <SelectedIndex>0</SelectedIndex>
               <FieldSettings>
                  <EditStyle>DropdownList</EditStyle>
                  <ListSource>
                     <SourceName />
                     <Items>
                        <Item>
                           <TextInList />
                           <Text>5mCi</Text>
                           <Value />
                           <Group />
                        </Item>
                     </Items>
                  </ListSource>
                  <ListValueFormatString />
               </FieldSettings>
            </Element>
            <Element xsi:type="XString">
               <Text>   体位：</Text>
            </Element>
            <Element xsi:type="XInputField">
               <Attributes />
               <ID>field16</ID>
               <EnableValueValidate>true</EnableValueValidate>
               <ValueBinding>
                  <Enabled>false</Enabled>
               </ValueBinding>
               <VisibleExpression />
               <ValueExpression />
               <Expressions />
               <ScriptItems />
               <XElements />
               <AcceptChildElementTypes2>Text</AcceptChildElementTypes2>
               <Deleteable>false</Deleteable>
               <BorderElementColor />
               <RuntimeBackgroundTextColor />
               <SpecifyWidth>236.220474</SpecifyWidth>
               <EventExpressions />
               <InnerValue />
               <ToolTip>体位</ToolTip>
               <EnableHighlight>Disabled</EnableHighlight>
               <EnableFieldTextColor>false</EnableFieldTextColor>
               <SelectedIndex>0</SelectedIndex>
               <FieldSettings>
                  <EditStyle>DropdownList</EditStyle>
                  <ListSource>
                     <SourceName />
                     <Items>
                        <Item>
                           <TextInList />
                           <Text>POST</Text>
                           <Value />
                           <Group />
                        </Item>
                     </Items>
                  </ListSource>
                  <ListValueFormatString />
               </FieldSettings>
            </Element>
            <Element xsi:type="XString">
               <Text>  方式：</Text>
            </Element>
            <Element xsi:type="XInputField">
               <Attributes />
               <ID>field16</ID>
               <EnableValueValidate>true</EnableValueValidate>
               <ValueBinding>
                  <Enabled>false</Enabled>
               </ValueBinding>
               <VisibleExpression />
               <ValueExpression />
               <Expressions />
               <ScriptItems />
               <XElements />
               <AcceptChildElementTypes2>Text</AcceptChildElementTypes2>
               <BorderElementColor />
               <RuntimeBackgroundTextColor />
               <SpecifyWidth>236.220474</SpecifyWidth>
               <EventExpressions />
               <InnerValue />
               <ToolTip>方式</ToolTip>
               <EnableHighlight>Disabled</EnableHighlight>
               <EnableFieldTextColor>false</EnableFieldTextColor>
               <SelectedIndex>0</SelectedIndex>
               <FieldSettings>
                  <EditStyle>DropdownList</EditStyle>
                  <ListSource>
                     <SourceName />
                     <Items>
                        <Item>
                           <TextInList />
                           <Text>动态</Text>
                           <Value />
                           <Group />
                        </Item>
                     </Items>
                  </ListSource>
                  <ListValueFormatString />
               </FieldSettings>
            </Element>
            <Element xsi:type="XString" WhiteSpaceLength="2">
               <Text>  </Text>
            </Element>
            <Element xsi:type="XParagraphFlag" />
            <Element xsi:type="XString">
               <Text>临床诊断：</Text>
            </Element>
            <Element xsi:type="XInputField">
               <Attributes />
               <ID>field11</ID>
               <EnableValueValidate>true</EnableValueValidate>
               <ValueBinding>
                  <DataSource>patexam</DataSource>
                  <BindingPath>clinicend</BindingPath>
               </ValueBinding>
               <VisibleExpression />
               <ValueExpression />
               <Expressions />
               <ScriptItems />
               <XElements />
               <AcceptChildElementTypes2>Text</AcceptChildElementTypes2>
               <BorderElementColor />
               <RuntimeBackgroundTextColor />
               <SpecifyWidth>590.5512</SpecifyWidth>
               <EventExpressions />
               <Name>clinicend</Name>
               <InnerValue />
               <ToolTip>临床诊断</ToolTip>
               <EnableHighlight>Disabled</EnableHighlight>
               <EnableFieldTextColor>false</EnableFieldTextColor>
               <FieldSettings />
            </Element>
            <Element xsi:type="XParagraphFlag" />
            <Element xsi:type="HorizontalLine" StyleIndex="2">
               <Attributes />
               <ID>hl2</ID>
               <ScriptItems />
               <LineSize>6</LineSize>
            </Element>
            <Element xsi:type="XTextTable" NumOfRows="1" NumOfColumns="1">
               <Attributes />
               <ID>imagetable</ID>
               <XElements>
                  <Element xsi:type="XTextTableRow">
                     <Attributes />
                     <XElements>
                        <Element xsi:type="XTextTableCell" StyleIndex="10">
                           <Attributes />
                           <XElements>
                              <Element xsi:type="XParagraphFlag" StyleIndex="9" />
                           </XElements>
                        </Element>
                     </XElements>
                     <SpecifyHeight>986</SpecifyHeight>
                  </Element>
               </XElements>
               <CellBorderVisibility>Hidden</CellBorderVisibility>
               <CellBackgroundVisibility>Hidden</CellBackgroundVisibility>
               <Columns>
                  <Element xsi:type="XTextTableColumn">
                     <Width>2012.75</Width>
                  </Element>
               </Columns>
            </Element>
            <Element xsi:type="XString">
               <Text>检查所见：</Text>
            </Element>
            <Element xsi:type="XParagraphFlag" />
            <Element xsi:type="XTextTable" NumOfRows="1" NumOfColumns="1">
               <Attributes />
               <ID>reportinfotable</ID>
               <Expressions />
               <ScriptItems />
               <XElements>
                  <Element xsi:type="XTextTableRow">
                     <Attributes />
                     <ID />
                     <Expressions />
                     <ScriptItems />
                     <EventTemplateName />
                     <XElements>
                        <Element xsi:type="XTextTableCell" StyleIndex="7">
                           <Attributes />
                           <ID>1</ID>
                           <Expressions />
                           <ScriptItems />
                           <XElements>
                              <Element xsi:type="XParagraphFlag" StyleIndex="6" />
                           </XElements>
                           <Title>1</Title>
                        </Element>
                     </XElements>
                     <SpecifyHeight>590.5512</SpecifyHeight>
                  </Element>
               </XElements>
               <Deleteable>false</Deleteable>
               <Columns>
                  <Element xsi:type="XTextTableColumn">
                     <Attributes />
                     <Width>1931.75</Width>
                  </Element>
               </Columns>
            </Element>
            <Element xsi:type="XString">
               <Text>检查诊断：</Text>
            </Element>
            <Element xsi:type="XParagraphFlag" />
            <Element xsi:type="XTextTable" NumOfRows="1" NumOfColumns="1">
               <Attributes />
               <ID>reportendtable</ID>
               <Expressions />
               <ScriptItems />
               <XElements>
                  <Element xsi:type="XTextTableRow">
                     <Attributes />
                     <ID />
                     <Expressions />
                     <ScriptItems />
                     <EventTemplateName />
                     <XElements>
                        <Element xsi:type="XTextTableCell" StyleIndex="7">
                           <Attributes />
                           <Expressions />
                           <ScriptItems />
                           <XElements>
                              <Element xsi:type="XParagraphFlag" />
                           </XElements>
                        </Element>
                     </XElements>
                     <SpecifyHeight>354.330719</SpecifyHeight>
                  </Element>
               </XElements>
               <Deleteable>false</Deleteable>
               <Columns>
                  <Element xsi:type="XTextTableColumn">
                     <Attributes />
                     <Width>2012.75</Width>
                  </Element>
               </Columns>
            </Element>
            <Element xsi:type="XTextTable" NumOfRows="1" NumOfColumns="6">
               <Attributes />
               <ID>table001</ID>
               <Expressions />
               <ScriptItems />
               <XElements>
                  <Element xsi:type="XTextTableRow">
                     <Attributes />
                     <Expressions />
                     <ScriptItems />
                     <XElements>
                        <Element xsi:type="XTextTableCell" StyleIndex="3">
                           <Attributes />
                           <Expressions />
                           <ScriptItems />
                           <XElements>
                              <Element xsi:type="XString">
                                 <Text>报告医生：</Text>
                              </Element>
                              <Element xsi:type="XParagraphFlag" />
                           </XElements>
                        </Element>
                        <Element xsi:type="XTextTableCell" StyleIndex="3">
                           <Attributes />
                           <Expressions />
                           <ScriptItems />
                           <XElements>
                              <Element xsi:type="XInputField">
                                 <Attributes />
                                 <ID>reportdoc</ID>
                                 <EnableValueValidate>true</EnableValueValidate>
                                 <ValueBinding>
                                    <DataSource>patexam</DataSource>
                                    <BindingPath>reportdoc</BindingPath>
                                 </ValueBinding>
                                 <VisibleExpression />
                                 <ValueExpression />
                                 <Expressions />
                                 <ScriptItems />
                                 <XElements />
                                 <Deleteable>false</Deleteable>
                                 <BorderElementColor />
                                 <RuntimeBackgroundTextColor />
                                 <SpecifyWidth>295.2756</SpecifyWidth>
                                 <EventExpressions />
                                 <Name>reportdoc</Name>
                                 <InnerValue />
                                 <ToolTip>报告医生</ToolTip>
                                 <EnableHighlight>Disabled</EnableHighlight>
                                 <EnableFieldTextColor>false</EnableFieldTextColor>
                                 <FieldSettings>
                                    <EditStyle>DropdownList</EditStyle>
                                    <ListSource>
                                       <SourceName>reportdoclist</SourceName>
                                       <DisplayPath />
                                       <ValuePath />
                                       <Items />
                                    </ListSource>
                                    <ListValueFormatString />
                                 </FieldSettings>
                              </Element>
                              <Element xsi:type="XParagraphFlag" />
                           </XElements>
                        </Element>
                        <Element xsi:type="XTextTableCell" StyleIndex="3">
                           <Attributes />
                           <Expressions />
                           <ScriptItems />
                           <XElements>
                              <Element xsi:type="XString">
                                 <Text>审核医生：</Text>
                              </Element>
                              <Element xsi:type="XParagraphFlag" />
                           </XElements>
                        </Element>
                        <Element xsi:type="XTextTableCell" StyleIndex="3">
                           <Attributes />
                           <Expressions />
                           <ScriptItems />
                           <XElements>
                              <Element xsi:type="XInputField">
                                 <Attributes />
                                 <ID>advancedoc</ID>
                                 <EnableValueValidate>true</EnableValueValidate>
                                 <ValueBinding>
                                    <DataSource>patexam</DataSource>
                                    <BindingPath>advancedoc</BindingPath>
                                 </ValueBinding>
                                 <VisibleExpression />
                                 <ValueExpression />
                                 <Expressions />
                                 <ScriptItems />
                                 <XElements />
                                 <Deleteable>false</Deleteable>
                                 <BorderElementColor />
                                 <RuntimeBackgroundTextColor />
                                 <SpecifyWidth>295.2756</SpecifyWidth>
                                 <EventExpressions />
                                 <Name>advancedoc</Name>
                                 <InnerValue />
                                 <ToolTip>审核医生</ToolTip>
                                 <EnableHighlight>Disabled</EnableHighlight>
                                 <EnableFieldTextColor>false</EnableFieldTextColor>
                                 <EditorActiveMode>None</EditorActiveMode>
                                 <SelectedIndex>4</SelectedIndex>
                                 <FieldSettings>
                                    <EditStyle>DropdownList</EditStyle>
                                    <ListSource>
                                       <SourceName>advancedoclist</SourceName>
                                       <DisplayPath />
                                       <ValuePath />
                                       <Items />
                                    </ListSource>
                                    <ListValueFormatString />
                                 </FieldSettings>
                              </Element>
                              <Element xsi:type="XParagraphFlag" />
                           </XElements>
                        </Element>
                        <Element xsi:type="XTextTableCell" StyleIndex="3">
                           <Attributes />
                           <Expressions />
                           <ScriptItems />
                           <XElements>
                              <Element xsi:type="XString">
                                 <Text>报告时间：</Text>
                              </Element>
                              <Element xsi:type="XParagraphFlag" />
                           </XElements>
                        </Element>
                        <Element xsi:type="XTextTableCell" StyleIndex="3">
                           <Attributes />
                           <Expressions />
                           <ScriptItems />
                           <XElements>
                              <Element xsi:type="XInputField">
                                 <Attributes />
                                 <ID>reportdate</ID>
                                 <EnableValueValidate>true</EnableValueValidate>
                                 <ValueBinding>
                                    <DataSource>patexam</DataSource>
                                    <BindingPath>reportdate</BindingPath>
                                 </ValueBinding>
                                 <VisibleExpression />
                                 <ValueExpression />
                                 <Expressions />
                                 <ScriptItems />
                                 <XElements />
                                 <Deleteable>false</Deleteable>
                                 <BorderElementColor />
                                 <RuntimeBackgroundTextColor />
                                 <SpecifyWidth>413.385834</SpecifyWidth>
                                 <EventExpressions />
                                 <UserEditable>false</UserEditable>
                                 <Name>reportdate</Name>
                                 <DisplayFormat>
                                    <Style>DateTime</Style>
                                    <Format>yyyy-MM-dd</Format>
                                 </DisplayFormat>
                                 <InnerValue />
                                 <ToolTip>报告日期</ToolTip>
                                 <EnableHighlight>Disabled</EnableHighlight>
                                 <EnableFieldTextColor>false</EnableFieldTextColor>
                                 <EditorActiveMode>None</EditorActiveMode>
                                 <FieldSettings>
                                    <EditStyle>DateTime</EditStyle>
                                 </FieldSettings>
                              </Element>
                              <Element xsi:type="XParagraphFlag" />
                           </XElements>
                        </Element>
                     </XElements>
                  </Element>
               </XElements>
               <Deleteable>false</Deleteable>
               <CellBorderVisibility>Hidden</CellBorderVisibility>
               <CellBackgroundVisibility>Hidden</CellBackgroundVisibility>
               <Columns>
                  <Element xsi:type="XTextTableColumn">
                     <Attributes />
                     <Width>281.458374</Width>
                  </Element>
                  <Element xsi:type="XTextTableColumn">
                     <Attributes />
                     <Width>346.458374</Width>
                  </Element>
                  <Element xsi:type="XTextTableColumn">
                     <Attributes />
                     <Width>286.729126</Width>
                  </Element>
                  <Element xsi:type="XTextTableColumn">
                     <Attributes />
                     <Width>335.729248</Width>
                  </Element>
                  <Element xsi:type="XTextTableColumn">
                     <Attributes />
                     <Width>270.458252</Width>
                  </Element>
                  <Element xsi:type="XTextTableColumn">
                     <Attributes />
                     <Width>491.916748</Width>
                  </Element>
               </Columns>
            </Element>
            <Element xsi:type="HorizontalLine" StyleIndex="2">
               <Attributes />
               <ID>hl2</ID>
               <ScriptItems />
               <LineSize>6</LineSize>
            </Element>
            <Element xsi:type="XString">
               <Text>本报告仅供本院临床参考，不作任何证明。</Text>
            </Element>
            <Element xsi:type="XParagraphFlag" />
            <Element xsi:type="XString">
               <Text>地址：龙岩市新罗区双洋西路（闽西交易城旁）。联系电话：0597-3399787</Text>
            </Element>
            <Element xsi:type="XParagraphFlag" />
         </XElements>
      </Element>
      <Element xsi:type="XTextHeader">
         <Attributes />
         <Expressions />
         <ScriptItems />
         <XElements>
            <Element xsi:type="XParagraphFlag" StyleIndex="0" />
         </XElements>
      </Element>
      <Element xsi:type="XTextFooter">
         <Attributes />
         <Expressions />
         <ScriptItems />
         <XElements>
            <Element xsi:type="XParagraphFlag" />
         </XElements>
      </Element>
   </XElements>
   <FileName>E:\Keasy\SoftwareCode\Module\TMKEASY.RISReport\TestReport\bin\Debug\XMLStyle\ECTreport_image.xml</FileName>
   <FileFormat>XML</FileFormat>
   <RepeatedImages />
   <Info>
      <LicenseText>温州卡易网络技术有限公司:KayiSoft</LicenseText>
      <CreationTime>2014-06-25T16:30:09.5152039+08:00</CreationTime>
      <LastModifiedTime>2015-07-14T10:11:01.5855596+08:00</LastModifiedTime>
      <LastPrintTime>1980-01-01T00:00:00</LastPrintTime>
      <Operator>DCSoft.Writer Version:1.2014.1217.1</Operator>
      <NumOfPage>1</NumOfPage>
   </Info>
   <BodyText>龙岩市第二医院核医学科


病人ID号：               病案号：
姓  名：   性别：        年龄：      门诊住院号：
科  室：  床号：    检查日期：
显示剂：  剂量：   体位：  方式：  
临床诊断：
  检查所见：
  检查诊断：
  报告医生：   审核医生：   报告时间：   本报告仅供本院临床参考，不作任何证明。
地址：龙岩市新罗区双洋西路（闽西交易城旁）。联系电话：0597-3399787</BodyText>
   <Comments />
   <LocalConfig />
   <PageSettings>
      <PrinterName />
      <PaperSource />
      <LeftMargin>77</LeftMargin>
      <TopMargin>59</TopMargin>
      <RightMargin>77</RightMargin>
      <BottomMargin>59</BottomMargin>
   </PageSettings>
   <ContentStyles>
      <Default xsi:type="DocumentContentStyle">
         <FontName>宋体</FontName>
         <FontSize>12</FontSize>
      </Default>
      <Styles>
         <Style Index="0">
            <FontName>宋体</FontName>
            <FontSize>12</FontSize>
            <Align>Center</Align>
         </Style>
         <Style Index="1">
            <FontName>宋体</FontName>
            <FontSize>12</FontSize>
            <Align>Distribute</Align>
         </Style>
         <Style Index="2">
            <Color>Blue</Color>
            <FontName>宋体</FontName>
            <FontSize>12</FontSize>
         </Style>
         <Style Index="3">
            <BackgroundColor>White</BackgroundColor>
            <FontName>宋体</FontName>
            <FontSize>12</FontSize>
            <VerticalAlign>Middle</VerticalAlign>
            <BorderLeftColor>White</BorderLeftColor>
            <BorderTopColor>White</BorderTopColor>
            <BorderRightColor>White</BorderRightColor>
            <BorderBottomColor>White</BorderBottomColor>
            <BorderWidth>1</BorderWidth>
            <BorderLeft>true</BorderLeft>
            <BorderBottom>true</BorderBottom>
            <BorderTop>true</BorderTop>
            <BorderRight>true</BorderRight>
            <PaddingLeft>15</PaddingLeft>
            <PaddingTop>10</PaddingTop>
            <PaddingBottom>10</PaddingBottom>
         </Style>
         <Style Index="4">
            <FontName>华文行楷</FontName>
            <FontSize>15.75</FontSize>
            <LineSpacingStyle>SpaceExactly</LineSpacingStyle>
            <Align>Center</Align>
         </Style>
         <Style Index="5">
            <FontName>华文行楷</FontName>
            <FontSize>15.75</FontSize>
            <LineSpacingStyle>SpaceSpecify</LineSpacingStyle>
            <LineSpacing>66.25</LineSpacing>
            <Align>Center</Align>
         </Style>
         <Style Index="6">
            <FontName>宋体</FontName>
            <FontSize>12</FontSize>
         </Style>
         <Style Index="7">
            <FontName>宋体</FontName>
            <FontSize>12</FontSize>
            <BorderLeftColor>White</BorderLeftColor>
            <BorderTopColor>White</BorderTopColor>
            <BorderRightColor>White</BorderRightColor>
            <BorderBottomColor>White</BorderBottomColor>
            <BorderWidth>1</BorderWidth>
            <BorderLeft>true</BorderLeft>
            <BorderBottom>true</BorderBottom>
            <BorderTop>true</BorderTop>
            <BorderRight>true</BorderRight>
            <PaddingLeft>106.29921</PaddingLeft>
            <PaddingTop>10</PaddingTop>
            <PaddingBottom>10</PaddingBottom>
         </Style>
         <Style Index="8">
            <FontName>宋体</FontName>
            <FontSize>14.25</FontSize>
            <Bold>true</Bold>
            <Align>Center</Align>
         </Style>
         <Style Index="9">
            <FontName>宋体</FontName>
            <FontSize>12</FontSize>
            <Align>Center</Align>
         </Style>
         <Style Index="10">
            <FontName>宋体</FontName>
            <FontSize>12</FontSize>
            <VerticalAlign>Middle</VerticalAlign>
            <BorderLeftColor>255, 255, 255</BorderLeftColor>
            <BorderTopColor>255, 255, 255</BorderTopColor>
            <BorderRightColor>255, 255, 255</BorderRightColor>
            <BorderBottomColor>255, 255, 255</BorderBottomColor>
            <BorderWidth>1</BorderWidth>
            <BorderLeft>true</BorderLeft>
            <BorderBottom>true</BorderBottom>
            <BorderTop>true</BorderTop>
            <BorderRight>true</BorderRight>
            <PaddingLeft>15</PaddingLeft>
            <PaddingTop>10</PaddingTop>
            <PaddingRight>15</PaddingRight>
            <PaddingBottom>10</PaddingBottom>
         </Style>
      </Styles>
   </ContentStyles>
   <UserHistories />
</XTextDocument>